1/21,games/2088
1/21,games/2099
1/21,2088/4.html
1/21,2088/11.html
1/21,2088/15.html
1/21,2088/23.html
1/21,2088/22.html
1/21,2088/25.html
1/21,2088/29.html
1/21,2088/35.html
1/22,200/6.html
1/22,2051/1.html
1/22,2090/2.html
1/22,200/5.html
1/22,2093/3.html
1/22,2096/7.html
1/22,2051/8.html
1/22,2096/9.html
1/22,2090/10.html
1/22,news/12.html
1/23,2088/42.html
1/23,200/43.html
1/23,news/44.html
1/23,news/45.html
1/23,200/46.html
1/23,200/47.html
1/23,news/13.html
1/23,news/14.html
1/23,news/16.html
1/23,news/17.html
1/24,2051/48.html
1/24,2051/49.html
1/24,2051/50.html
1/24,2051/51.html
1/24,2051/52.html
1/24,news/18.html
1/24,news/19.html
1/24,news/20.html
1/24,news/21.html
1/24,news/24.html
1/25,news/26.html
1/25,news/27.html
1/25,news/28.html
1/25,news/30.html
1/25,news/31.html
1/25,news/32.html
1/25,news/33.html
1/25,news/34.html
1/25,news/36.html
1/25,games/2032
1/26,games/2034
1/26,games/2035
1/26,games/2036
1/26,games/2037
1/26,games/2038
1/26,games/2039
1/26,games/2040
1/26,games/2046
1/26,games/2047
1/26,games/2048
1/27,2088/37.html
1/27,2088/38.html
1/27,2088/39.html
1/27,200/40.html
1/27,news/41.html
1/27,2088/42.html
1/27,200/43.html
1/27,news/44.html
1/27,news/45.html
1/27,200/46.html
1/28,games/2049
1/28,games/2050
1/28,games/2051
1/28,games/2052
1/28,games/2053
1/28,games/2054
1/28,games/2055
1/28,games/2056
1/28,games/2057
1/28,games/2058
1/29,200/47.html
1/29,2051/48.html
1/29,2051/49.html
1/29,2051/50.html
1/29,2051/51.html
1/29,2051/52.html
1/29,2051/53.html
1/29,2090/54.html
1/29,2090/55.html
1/29,2090/56.html
1/30,games/2059
1/30,games/2060
1/30,games/2061
1/30,games/2062
1/30,games/2063
1/30,games/2064
1/30,games/2073
1/30,games/2074
1/30,games/2075
1/30,games/2076
1/31,2090/57.html
1/31,200/58.html
1/31,200/59.html
1/31,200/60.html
1/31,200/61.html
1/31,200/62.html
1/31,200/63.html
1/31,2093/67.html
1/31,2093/64.html
1/31,2093/65.html
2/1,games/2077
2/1,games/2078
2/1,games/2079
2/1,games/2086
2/1,games/2087
2/1,games/2088
2/1,games/2089
2/1,games/2090
2/1,games/2091
2/1,games/2092
2/2,2093/66.html
2/2,games/2093
2/2,games/2094
2/2,games/2095
2/2,games/2096
2/2,games/2097
2/2,games/2098
2/2,games/2099
2/2,games/2100
2/2,games/2101
2/3,
2/3,
2/3,
2/3,
2/3,
2/3,
2/3,
2/3,
2/3,
2/3,
2/4,
2/4,
2/4,
2/4,
2/4,
2/4,
2/4,
2/4,
2/4,
2/4,
2/5,
2/5,
2/5,
2/5,
2/5,
2/5,
2/5,
2/5,
2/5,
2/5,
2/6,
2/6,
2/6,
2/6,
2/6,
2/6,
2/6,
2/6,
2/6,
2/6,
2/7,
2/7,
2/7,
2/7,
2/7,
2/7,
2/7,
2/7,
2/7,
2/7,
2/8,
2/8,
2/8,
2/8,
2/8,
2/8,
2/8,
2/8,
2/8,
2/8,
2/9,
2/9,
2/9,
2/9,
2/9,
2/9,
2/9,
2/9,
2/9,
2/9,
2/10,
2/10,
2/10,
2/10,
2/10,
2/10,
2/10,
2/10,
2/10,
2/10,
2/11,
2/11,
2/11,
2/11,
2/11,
2/11,
2/11,
2/11,
2/11,
2/11,
2/12,
2/12,
2/12,
2/12,
2/12,
2/12,
2/12,
2/12,
2/12,
2/12,
2/13,
2/13,
2/13,
2/13,
2/13,
2/13,
2/13,
2/13,
2/13,
2/13,
2/14,
2/14,
2/14,
2/14,
2/14,
2/14,
2/14,
2/14,
2/14,
2/14,
2/15,
2/15,
2/15,
2/15,
2/15,
2/15,
2/15,
2/15,
2/15,
2/15,
2/16,
2/16,
2/16,
2/16,
2/16,
2/16,
2/16,
2/16,
2/16,
2/16,
2/17,
2/17,
2/17,
2/17,
2/17,
2/17,
2/17,
2/17,
2/17,
2/17,
2/18,
2/18,
2/18,
2/18,
2/18,
2/18,
2/18,
2/18,
2/18,
2/18,
2/19,
2/19,
2/19,
2/19,
2/19,
2/19,
2/19,
2/19,
2/19,
2/19,
2/20,
2/20,
2/20,
2/20,
2/20,
2/20,
2/20,
2/20,
2/20,
2/20,
2/21,
2/21,
2/21,
2/21,
2/21,
2/21,
2/21,
2/21,
2/21,
2/21,
2/22,
2/22,
2/22,
2/22,
2/22,
2/22,
2/22,
2/22,
2/22,
2/22,
2/23,
2/23,
2/23,
2/23,
2/23,
2/23,
2/23,
2/23,
2/23,
2/23,
2/24,
2/24,
2/24,
2/24,
2/24,
2/24,
2/24,
2/24,
2/24,
2/24,
2/25,
2/25,
2/25,
2/25,
2/25,
2/25,
2/25,
2/25,
2/25,
2/25,
2/26,
2/26,
2/26,
2/26,
2/26,
2/26,
2/26,
2/26,
2/26,
2/26,
2/27,
2/27,
2/27,
2/27,
2/27,
2/27,
2/27,
2/27,
2/27,
2/27,
2/28,
2/28,
2/28,
2/28,
2/28,
2/28,
2/28,
2/28,
2/28,
2/28,
3/1,
3/1,
